{"format": {"template": "<P*100>{toxic_comment}<P*20>", "compiled_template": "<|P|><|P|><|P|><|P|><|P|><|P|><|P|><|P|><|P|><|P|><|P|><|P|><|P|><|P|><|P|><|P|><|P|><|P|><|P|><|P|><|P|><|P|><|P|><|P|><|P|><|P|><|P|><|P|><|P|><|P|><|P|><|P|><|P|><|P|><|P|><|P|><|P|><|P|><|P|><|P|><|P|><|P|><|P|><|P|><|P|><|P|><|P|><|P|><|P|><|P|><|P|><|P|><|P|><|P|><|P|><|P|><|P|><|P|><|P|><|P|><|P|><|P|><|P|><|P|><|P|><|P|><|P|><|P|><|P|><|P|><|P|><|P|><|P|><|P|><|P|><|P|><|P|><|P|><|P|><|P|><|P|><|P|><|P|><|P|><|P|><|P|><|P|><|P|><|P|><|P|><|P|><|P|><|P|><|P|><|P|><|P|><|P|><|P|><|P|><|P|>{toxic_comment}<|P|><|P|><|P|><|P|><|P|><|P|><|P|><|P|><|P|><|P|><|P|><|P|><|P|><|P|><|P|><|P|><|P|><|P|><|P|><|P|>"}, "config": {"embedding_dim": 1536, "prompt_length": 120, "pretrained_model_name": "sberbank-ai/rugpt3large_based_on_gpt2", "is_safe": false}}