{
  "best_metric": 1.29655122756958,
  "best_model_checkpoint": "./checkpoint-52000",
  "epoch": 14.968336211859528,
  "global_step": 52000,
  "is_hyper_param_search": false,
  "is_local_process_zero": true,
  "is_world_process_zero": true,
  "log_history": [
    {
      "epoch": 0.03,
      "learning_rate": 0.005000000000000001,
      "loss": 3.6748,
      "step": 100
    },
    {
      "epoch": 0.06,
      "learning_rate": 0.010000000000000002,
      "loss": 2.9241,
      "step": 200
    },
    {
      "epoch": 0.09,
      "learning_rate": 0.015,
      "loss": 2.7454,
      "step": 300
    },
    {
      "epoch": 0.12,
      "learning_rate": 0.020000000000000004,
      "loss": 2.6544,
      "step": 400
    },
    {
      "epoch": 0.14,
      "learning_rate": 0.025,
      "loss": 2.6396,
      "step": 500
    },
    {
      "epoch": 0.17,
      "learning_rate": 0.03,
      "loss": 2.411,
      "step": 600
    },
    {
      "epoch": 0.2,
      "learning_rate": 0.034999999999999996,
      "loss": 2.4726,
      "step": 700
    },
    {
      "epoch": 0.23,
      "learning_rate": 0.04000000000000001,
      "loss": 2.4477,
      "step": 800
    },
    {
      "epoch": 0.26,
      "learning_rate": 0.045000000000000005,
      "loss": 2.4122,
      "step": 900
    },
    {
      "epoch": 0.29,
      "learning_rate": 0.05,
      "loss": 2.1526,
      "step": 1000
    },
    {
      "epoch": 0.29,
      "eval_loss": 2.0345935821533203,
      "eval_runtime": 7.506,
      "eval_samples_per_second": 106.582,
      "eval_steps_per_second": 53.291,
      "step": 1000
    },
    {
      "epoch": 0.32,
      "learning_rate": 0.05500000000000001,
      "loss": 2.1092,
      "step": 1100
    },
    {
      "epoch": 0.35,
      "learning_rate": 0.06,
      "loss": 2.041,
      "step": 1200
    },
    {
      "epoch": 0.37,
      "learning_rate": 0.065,
      "loss": 2.1969,
      "step": 1300
    },
    {
      "epoch": 0.4,
      "learning_rate": 0.06999999999999999,
      "loss": 2.0076,
      "step": 1400
    },
    {
      "epoch": 0.43,
      "learning_rate": 0.07500000000000001,
      "loss": 2.1002,
      "step": 1500
    },
    {
      "epoch": 0.46,
      "learning_rate": 0.08000000000000002,
      "loss": 1.9545,
      "step": 1600
    },
    {
      "epoch": 0.49,
      "learning_rate": 0.085,
      "loss": 1.8847,
      "step": 1700
    },
    {
      "epoch": 0.52,
      "learning_rate": 0.09000000000000001,
      "loss": 1.873,
      "step": 1800
    },
    {
      "epoch": 0.55,
      "learning_rate": 0.095,
      "loss": 1.8695,
      "step": 1900
    },
    {
      "epoch": 0.58,
      "learning_rate": 0.1,
      "loss": 1.9502,
      "step": 2000
    },
    {
      "epoch": 0.58,
      "eval_loss": 1.7644778490066528,
      "eval_runtime": 7.5431,
      "eval_samples_per_second": 106.058,
      "eval_steps_per_second": 53.029,
      "step": 2000
    },
    {
      "epoch": 0.6,
      "learning_rate": 0.09989795918367347,
      "loss": 1.8171,
      "step": 2100
    },
    {
      "epoch": 0.63,
      "learning_rate": 0.09979591836734694,
      "loss": 1.8432,
      "step": 2200
    },
    {
      "epoch": 0.66,
      "learning_rate": 0.09969387755102041,
      "loss": 2.0029,
      "step": 2300
    },
    {
      "epoch": 0.69,
      "learning_rate": 0.09959183673469388,
      "loss": 1.7644,
      "step": 2400
    },
    {
      "epoch": 0.72,
      "learning_rate": 0.09948979591836736,
      "loss": 1.805,
      "step": 2500
    },
    {
      "epoch": 0.75,
      "learning_rate": 0.09938775510204083,
      "loss": 1.7945,
      "step": 2600
    },
    {
      "epoch": 0.78,
      "learning_rate": 0.0992857142857143,
      "loss": 1.715,
      "step": 2700
    },
    {
      "epoch": 0.81,
      "learning_rate": 0.09918367346938776,
      "loss": 1.7228,
      "step": 2800
    },
    {
      "epoch": 0.83,
      "learning_rate": 0.09908163265306123,
      "loss": 1.7429,
      "step": 2900
    },
    {
      "epoch": 0.86,
      "learning_rate": 0.0989795918367347,
      "loss": 1.8289,
      "step": 3000
    },
    {
      "epoch": 0.86,
      "eval_loss": 1.718936800956726,
      "eval_runtime": 7.5337,
      "eval_samples_per_second": 106.19,
      "eval_steps_per_second": 53.095,
      "step": 3000
    },
    {
      "epoch": 0.89,
      "learning_rate": 0.09887755102040817,
      "loss": 1.6348,
      "step": 3100
    },
    {
      "epoch": 0.92,
      "learning_rate": 0.09877551020408164,
      "loss": 1.8309,
      "step": 3200
    },
    {
      "epoch": 0.95,
      "learning_rate": 0.0986734693877551,
      "loss": 1.71,
      "step": 3300
    },
    {
      "epoch": 0.98,
      "learning_rate": 0.09857142857142859,
      "loss": 1.6455,
      "step": 3400
    },
    {
      "epoch": 1.01,
      "learning_rate": 0.09846938775510206,
      "loss": 1.703,
      "step": 3500
    },
    {
      "epoch": 1.04,
      "learning_rate": 0.09836734693877552,
      "loss": 1.7525,
      "step": 3600
    },
    {
      "epoch": 1.07,
      "learning_rate": 0.09826530612244899,
      "loss": 1.6521,
      "step": 3700
    },
    {
      "epoch": 1.09,
      "learning_rate": 0.09816326530612246,
      "loss": 1.6067,
      "step": 3800
    },
    {
      "epoch": 1.12,
      "learning_rate": 0.09806122448979593,
      "loss": 1.5538,
      "step": 3900
    },
    {
      "epoch": 1.15,
      "learning_rate": 0.0979591836734694,
      "loss": 1.6163,
      "step": 4000
    },
    {
      "epoch": 1.15,
      "eval_loss": 1.7235625982284546,
      "eval_runtime": 7.548,
      "eval_samples_per_second": 105.989,
      "eval_steps_per_second": 52.994,
      "step": 4000
    },
    {
      "epoch": 1.18,
      "learning_rate": 0.09785714285714286,
      "loss": 1.5578,
      "step": 4100
    },
    {
      "epoch": 1.21,
      "learning_rate": 0.09775510204081633,
      "loss": 1.4831,
      "step": 4200
    },
    {
      "epoch": 1.24,
      "learning_rate": 0.0976530612244898,
      "loss": 1.6293,
      "step": 4300
    },
    {
      "epoch": 1.27,
      "learning_rate": 0.09755102040816327,
      "loss": 1.6839,
      "step": 4400
    },
    {
      "epoch": 1.3,
      "learning_rate": 0.09744897959183674,
      "loss": 1.5321,
      "step": 4500
    },
    {
      "epoch": 1.32,
      "learning_rate": 0.0973469387755102,
      "loss": 1.7052,
      "step": 4600
    },
    {
      "epoch": 1.35,
      "learning_rate": 0.09724489795918367,
      "loss": 1.555,
      "step": 4700
    },
    {
      "epoch": 1.38,
      "learning_rate": 0.09714285714285714,
      "loss": 1.7151,
      "step": 4800
    },
    {
      "epoch": 1.41,
      "learning_rate": 0.09704081632653061,
      "loss": 1.7002,
      "step": 4900
    },
    {
      "epoch": 1.44,
      "learning_rate": 0.09693877551020408,
      "loss": 1.6502,
      "step": 5000
    },
    {
      "epoch": 1.44,
      "eval_loss": 1.5490667819976807,
      "eval_runtime": 7.5516,
      "eval_samples_per_second": 105.938,
      "eval_steps_per_second": 52.969,
      "step": 5000
    },
    {
      "epoch": 1.47,
      "learning_rate": 0.09683673469387755,
      "loss": 1.7126,
      "step": 5100
    },
    {
      "epoch": 1.5,
      "learning_rate": 0.09673469387755103,
      "loss": 1.5515,
      "step": 5200
    },
    {
      "epoch": 1.53,
      "learning_rate": 0.0966326530612245,
      "loss": 1.5393,
      "step": 5300
    },
    {
      "epoch": 1.55,
      "learning_rate": 0.09653061224489796,
      "loss": 1.4781,
      "step": 5400
    },
    {
      "epoch": 1.58,
      "learning_rate": 0.09642857142857143,
      "loss": 1.4604,
      "step": 5500
    },
    {
      "epoch": 1.61,
      "learning_rate": 0.0963265306122449,
      "loss": 1.6043,
      "step": 5600
    },
    {
      "epoch": 1.64,
      "learning_rate": 0.09622448979591837,
      "loss": 1.3809,
      "step": 5700
    },
    {
      "epoch": 1.67,
      "learning_rate": 0.09612244897959184,
      "loss": 1.6202,
      "step": 5800
    },
    {
      "epoch": 1.7,
      "learning_rate": 0.0960204081632653,
      "loss": 1.5246,
      "step": 5900
    },
    {
      "epoch": 1.73,
      "learning_rate": 0.09591836734693877,
      "loss": 1.6264,
      "step": 6000
    },
    {
      "epoch": 1.73,
      "eval_loss": 1.565487265586853,
      "eval_runtime": 7.5723,
      "eval_samples_per_second": 105.649,
      "eval_steps_per_second": 52.824,
      "step": 6000
    },
    {
      "epoch": 1.76,
      "learning_rate": 0.09581632653061226,
      "loss": 1.5341,
      "step": 6100
    },
    {
      "epoch": 1.78,
      "learning_rate": 0.09571428571428572,
      "loss": 1.5815,
      "step": 6200
    },
    {
      "epoch": 1.81,
      "learning_rate": 0.09561224489795919,
      "loss": 1.6742,
      "step": 6300
    },
    {
      "epoch": 1.84,
      "learning_rate": 0.09551020408163266,
      "loss": 1.4614,
      "step": 6400
    },
    {
      "epoch": 1.87,
      "learning_rate": 0.09540816326530613,
      "loss": 1.6485,
      "step": 6500
    },
    {
      "epoch": 1.9,
      "learning_rate": 0.0953061224489796,
      "loss": 1.4511,
      "step": 6600
    },
    {
      "epoch": 1.93,
      "learning_rate": 0.09520408163265306,
      "loss": 1.5967,
      "step": 6700
    },
    {
      "epoch": 1.96,
      "learning_rate": 0.09510204081632653,
      "loss": 1.5534,
      "step": 6800
    },
    {
      "epoch": 1.99,
      "learning_rate": 0.095,
      "loss": 1.4354,
      "step": 6900
    },
    {
      "epoch": 2.01,
      "learning_rate": 0.09489795918367348,
      "loss": 1.6358,
      "step": 7000
    },
    {
      "epoch": 2.01,
      "eval_loss": 1.5175143480300903,
      "eval_runtime": 7.5622,
      "eval_samples_per_second": 105.789,
      "eval_steps_per_second": 52.894,
      "step": 7000
    },
    {
      "epoch": 2.04,
      "learning_rate": 0.09479591836734695,
      "loss": 1.6662,
      "step": 7100
    },
    {
      "epoch": 2.07,
      "learning_rate": 0.09469387755102042,
      "loss": 1.4978,
      "step": 7200
    },
    {
      "epoch": 2.1,
      "learning_rate": 0.09459183673469389,
      "loss": 1.4194,
      "step": 7300
    },
    {
      "epoch": 2.13,
      "learning_rate": 0.09448979591836736,
      "loss": 1.4387,
      "step": 7400
    },
    {
      "epoch": 2.16,
      "learning_rate": 0.09438775510204082,
      "loss": 1.6097,
      "step": 7500
    },
    {
      "epoch": 2.19,
      "learning_rate": 0.09428571428571429,
      "loss": 1.6237,
      "step": 7600
    },
    {
      "epoch": 2.22,
      "learning_rate": 0.09418367346938776,
      "loss": 1.5552,
      "step": 7700
    },
    {
      "epoch": 2.25,
      "learning_rate": 0.09408163265306123,
      "loss": 1.6295,
      "step": 7800
    },
    {
      "epoch": 2.27,
      "learning_rate": 0.09397959183673471,
      "loss": 1.395,
      "step": 7900
    },
    {
      "epoch": 2.3,
      "learning_rate": 0.09387755102040818,
      "loss": 1.549,
      "step": 8000
    },
    {
      "epoch": 2.3,
      "eval_loss": 1.6185836791992188,
      "eval_runtime": 7.5547,
      "eval_samples_per_second": 105.894,
      "eval_steps_per_second": 52.947,
      "step": 8000
    },
    {
      "epoch": 2.33,
      "learning_rate": 0.09377551020408165,
      "loss": 1.3956,
      "step": 8100
    },
    {
      "epoch": 2.36,
      "learning_rate": 0.09367346938775512,
      "loss": 1.424,
      "step": 8200
    },
    {
      "epoch": 2.39,
      "learning_rate": 0.09357142857142858,
      "loss": 1.5256,
      "step": 8300
    },
    {
      "epoch": 2.42,
      "learning_rate": 0.09346938775510205,
      "loss": 1.4625,
      "step": 8400
    },
    {
      "epoch": 2.45,
      "learning_rate": 0.09336734693877552,
      "loss": 1.4292,
      "step": 8500
    },
    {
      "epoch": 2.48,
      "learning_rate": 0.09326530612244899,
      "loss": 1.4162,
      "step": 8600
    },
    {
      "epoch": 2.5,
      "learning_rate": 0.09316326530612246,
      "loss": 1.5692,
      "step": 8700
    },
    {
      "epoch": 2.53,
      "learning_rate": 0.09306122448979592,
      "loss": 1.3667,
      "step": 8800
    },
    {
      "epoch": 2.56,
      "learning_rate": 0.09295918367346939,
      "loss": 1.384,
      "step": 8900
    },
    {
      "epoch": 2.59,
      "learning_rate": 0.09285714285714286,
      "loss": 1.5134,
      "step": 9000
    },
    {
      "epoch": 2.59,
      "eval_loss": 1.5479680299758911,
      "eval_runtime": 7.5655,
      "eval_samples_per_second": 105.743,
      "eval_steps_per_second": 52.871,
      "step": 9000
    },
    {
      "epoch": 2.62,
      "learning_rate": 0.09275510204081633,
      "loss": 1.5128,
      "step": 9100
    },
    {
      "epoch": 2.65,
      "learning_rate": 0.0926530612244898,
      "loss": 1.5337,
      "step": 9200
    },
    {
      "epoch": 2.68,
      "learning_rate": 0.09255102040816326,
      "loss": 1.4988,
      "step": 9300
    },
    {
      "epoch": 2.71,
      "learning_rate": 0.09244897959183673,
      "loss": 1.487,
      "step": 9400
    },
    {
      "epoch": 2.73,
      "learning_rate": 0.0923469387755102,
      "loss": 1.5703,
      "step": 9500
    },
    {
      "epoch": 2.76,
      "learning_rate": 0.09224489795918367,
      "loss": 1.4262,
      "step": 9600
    },
    {
      "epoch": 2.79,
      "learning_rate": 0.09214285714285714,
      "loss": 1.454,
      "step": 9700
    },
    {
      "epoch": 2.82,
      "learning_rate": 0.09204081632653062,
      "loss": 1.3318,
      "step": 9800
    },
    {
      "epoch": 2.85,
      "learning_rate": 0.09193877551020409,
      "loss": 1.2933,
      "step": 9900
    },
    {
      "epoch": 2.88,
      "learning_rate": 0.09183673469387756,
      "loss": 1.3685,
      "step": 10000
    },
    {
      "epoch": 2.88,
      "eval_loss": 1.4807482957839966,
      "eval_runtime": 7.5498,
      "eval_samples_per_second": 105.963,
      "eval_steps_per_second": 52.981,
      "step": 10000
    },
    {
      "epoch": 2.91,
      "learning_rate": 0.09173469387755102,
      "loss": 1.4789,
      "step": 10100
    },
    {
      "epoch": 2.94,
      "learning_rate": 0.09163265306122449,
      "loss": 1.4365,
      "step": 10200
    },
    {
      "epoch": 2.96,
      "learning_rate": 0.09153061224489796,
      "loss": 1.4111,
      "step": 10300
    },
    {
      "epoch": 2.99,
      "learning_rate": 0.09142857142857143,
      "loss": 1.4614,
      "step": 10400
    },
    {
      "epoch": 3.02,
      "learning_rate": 0.0913265306122449,
      "loss": 1.5559,
      "step": 10500
    },
    {
      "epoch": 3.05,
      "learning_rate": 0.09122448979591836,
      "loss": 1.4463,
      "step": 10600
    },
    {
      "epoch": 3.08,
      "learning_rate": 0.09112244897959185,
      "loss": 1.4461,
      "step": 10700
    },
    {
      "epoch": 3.11,
      "learning_rate": 0.09102040816326532,
      "loss": 1.3825,
      "step": 10800
    },
    {
      "epoch": 3.14,
      "learning_rate": 0.09091836734693878,
      "loss": 1.4474,
      "step": 10900
    },
    {
      "epoch": 3.17,
      "learning_rate": 0.09081632653061225,
      "loss": 1.5458,
      "step": 11000
    },
    {
      "epoch": 3.17,
      "eval_loss": 1.5350232124328613,
      "eval_runtime": 7.5601,
      "eval_samples_per_second": 105.819,
      "eval_steps_per_second": 52.909,
      "step": 11000
    },
    {
      "epoch": 3.2,
      "learning_rate": 0.09071428571428572,
      "loss": 1.4224,
      "step": 11100
    },
    {
      "epoch": 3.22,
      "learning_rate": 0.09061224489795919,
      "loss": 1.5469,
      "step": 11200
    },
    {
      "epoch": 3.25,
      "learning_rate": 0.09051020408163266,
      "loss": 1.3142,
      "step": 11300
    },
    {
      "epoch": 3.28,
      "learning_rate": 0.09040816326530612,
      "loss": 1.5376,
      "step": 11400
    },
    {
      "epoch": 3.31,
      "learning_rate": 0.09030612244897959,
      "loss": 1.4751,
      "step": 11500
    },
    {
      "epoch": 3.34,
      "learning_rate": 0.09020408163265307,
      "loss": 1.3514,
      "step": 11600
    },
    {
      "epoch": 3.37,
      "learning_rate": 0.09010204081632654,
      "loss": 1.3533,
      "step": 11700
    },
    {
      "epoch": 3.4,
      "learning_rate": 0.09000000000000001,
      "loss": 1.3988,
      "step": 11800
    },
    {
      "epoch": 3.43,
      "learning_rate": 0.08989795918367348,
      "loss": 1.3977,
      "step": 11900
    },
    {
      "epoch": 3.45,
      "learning_rate": 0.08979591836734695,
      "loss": 1.4283,
      "step": 12000
    },
    {
      "epoch": 3.45,
      "eval_loss": 1.4345768690109253,
      "eval_runtime": 7.5679,
      "eval_samples_per_second": 105.71,
      "eval_steps_per_second": 52.855,
      "step": 12000
    },
    {
      "epoch": 3.48,
      "learning_rate": 0.08969387755102042,
      "loss": 1.3769,
      "step": 12100
    },
    {
      "epoch": 3.51,
      "learning_rate": 0.08959183673469388,
      "loss": 1.4862,
      "step": 12200
    },
    {
      "epoch": 3.54,
      "learning_rate": 0.08948979591836735,
      "loss": 1.4501,
      "step": 12300
    },
    {
      "epoch": 3.57,
      "learning_rate": 0.08938775510204082,
      "loss": 1.4179,
      "step": 12400
    },
    {
      "epoch": 3.6,
      "learning_rate": 0.0892857142857143,
      "loss": 1.4213,
      "step": 12500
    },
    {
      "epoch": 3.63,
      "learning_rate": 0.08918367346938777,
      "loss": 1.2762,
      "step": 12600
    },
    {
      "epoch": 3.66,
      "learning_rate": 0.08908163265306124,
      "loss": 1.4674,
      "step": 12700
    },
    {
      "epoch": 3.68,
      "learning_rate": 0.0889795918367347,
      "loss": 1.4204,
      "step": 12800
    },
    {
      "epoch": 3.71,
      "learning_rate": 0.08887755102040817,
      "loss": 1.3527,
      "step": 12900
    },
    {
      "epoch": 3.74,
      "learning_rate": 0.08877551020408164,
      "loss": 1.4473,
      "step": 13000
    },
    {
      "epoch": 3.74,
      "eval_loss": 1.4816399812698364,
      "eval_runtime": 7.5096,
      "eval_samples_per_second": 106.531,
      "eval_steps_per_second": 53.265,
      "step": 13000
    },
    {
      "epoch": 3.77,
      "learning_rate": 0.08867346938775511,
      "loss": 1.3874,
      "step": 13100
    },
    {
      "epoch": 3.8,
      "learning_rate": 0.08857142857142858,
      "loss": 1.5153,
      "step": 13200
    },
    {
      "epoch": 3.83,
      "learning_rate": 0.08846938775510205,
      "loss": 1.3818,
      "step": 13300
    },
    {
      "epoch": 3.86,
      "learning_rate": 0.08836734693877552,
      "loss": 1.4518,
      "step": 13400
    },
    {
      "epoch": 3.89,
      "learning_rate": 0.08826530612244898,
      "loss": 1.378,
      "step": 13500
    },
    {
      "epoch": 3.91,
      "learning_rate": 0.08816326530612245,
      "loss": 1.3623,
      "step": 13600
    },
    {
      "epoch": 3.94,
      "learning_rate": 0.08806122448979592,
      "loss": 1.2931,
      "step": 13700
    },
    {
      "epoch": 3.97,
      "learning_rate": 0.08795918367346939,
      "loss": 1.3064,
      "step": 13800
    },
    {
      "epoch": 4.0,
      "learning_rate": 0.08785714285714286,
      "loss": 1.3686,
      "step": 13900
    },
    {
      "epoch": 4.03,
      "learning_rate": 0.08775510204081632,
      "loss": 1.4469,
      "step": 14000
    },
    {
      "epoch": 4.03,
      "eval_loss": 1.4489333629608154,
      "eval_runtime": 7.5426,
      "eval_samples_per_second": 106.064,
      "eval_steps_per_second": 53.032,
      "step": 14000
    },
    {
      "epoch": 4.06,
      "learning_rate": 0.08765306122448979,
      "loss": 1.3804,
      "step": 14100
    },
    {
      "epoch": 4.09,
      "learning_rate": 0.08755102040816326,
      "loss": 1.414,
      "step": 14200
    },
    {
      "epoch": 4.12,
      "learning_rate": 0.08744897959183674,
      "loss": 1.4639,
      "step": 14300
    },
    {
      "epoch": 4.15,
      "learning_rate": 0.08734693877551021,
      "loss": 1.4271,
      "step": 14400
    },
    {
      "epoch": 4.17,
      "learning_rate": 0.08724489795918368,
      "loss": 1.2785,
      "step": 14500
    },
    {
      "epoch": 4.2,
      "learning_rate": 0.08714285714285715,
      "loss": 1.3151,
      "step": 14600
    },
    {
      "epoch": 4.23,
      "learning_rate": 0.08704081632653062,
      "loss": 1.3529,
      "step": 14700
    },
    {
      "epoch": 4.26,
      "learning_rate": 0.08693877551020408,
      "loss": 1.3492,
      "step": 14800
    },
    {
      "epoch": 4.29,
      "learning_rate": 0.08683673469387755,
      "loss": 1.3898,
      "step": 14900
    },
    {
      "epoch": 4.32,
      "learning_rate": 0.08673469387755102,
      "loss": 1.2649,
      "step": 15000
    },
    {
      "epoch": 4.32,
      "eval_loss": 1.4749380350112915,
      "eval_runtime": 7.541,
      "eval_samples_per_second": 106.087,
      "eval_steps_per_second": 53.043,
      "step": 15000
    },
    {
      "epoch": 4.35,
      "learning_rate": 0.08663265306122449,
      "loss": 1.4806,
      "step": 15100
    },
    {
      "epoch": 4.38,
      "learning_rate": 0.08653061224489797,
      "loss": 1.3424,
      "step": 15200
    },
    {
      "epoch": 4.4,
      "learning_rate": 0.08642857142857144,
      "loss": 1.4493,
      "step": 15300
    },
    {
      "epoch": 4.43,
      "learning_rate": 0.0863265306122449,
      "loss": 1.2696,
      "step": 15400
    },
    {
      "epoch": 4.46,
      "learning_rate": 0.08622448979591837,
      "loss": 1.3768,
      "step": 15500
    },
    {
      "epoch": 4.49,
      "learning_rate": 0.08612244897959184,
      "loss": 1.4,
      "step": 15600
    },
    {
      "epoch": 4.52,
      "learning_rate": 0.08602040816326531,
      "loss": 1.3619,
      "step": 15700
    },
    {
      "epoch": 4.55,
      "learning_rate": 0.08591836734693878,
      "loss": 1.386,
      "step": 15800
    },
    {
      "epoch": 4.58,
      "learning_rate": 0.08581632653061225,
      "loss": 1.2932,
      "step": 15900
    },
    {
      "epoch": 4.61,
      "learning_rate": 0.08571428571428572,
      "loss": 1.3717,
      "step": 16000
    },
    {
      "epoch": 4.61,
      "eval_loss": 1.3922348022460938,
      "eval_runtime": 7.5418,
      "eval_samples_per_second": 106.076,
      "eval_steps_per_second": 53.038,
      "step": 16000
    },
    {
      "epoch": 4.63,
      "learning_rate": 0.0856122448979592,
      "loss": 1.3964,
      "step": 16100
    },
    {
      "epoch": 4.66,
      "learning_rate": 0.08551020408163267,
      "loss": 1.3925,
      "step": 16200
    },
    {
      "epoch": 4.69,
      "learning_rate": 0.08540816326530613,
      "loss": 1.3864,
      "step": 16300
    },
    {
      "epoch": 4.72,
      "learning_rate": 0.0853061224489796,
      "loss": 1.363,
      "step": 16400
    },
    {
      "epoch": 4.75,
      "learning_rate": 0.08520408163265307,
      "loss": 1.2618,
      "step": 16500
    },
    {
      "epoch": 4.78,
      "learning_rate": 0.08510204081632654,
      "loss": 1.3972,
      "step": 16600
    },
    {
      "epoch": 4.81,
      "learning_rate": 0.085,
      "loss": 1.4363,
      "step": 16700
    },
    {
      "epoch": 4.84,
      "learning_rate": 0.08489795918367347,
      "loss": 1.3561,
      "step": 16800
    },
    {
      "epoch": 4.86,
      "learning_rate": 0.08479591836734694,
      "loss": 1.3355,
      "step": 16900
    },
    {
      "epoch": 4.89,
      "learning_rate": 0.08469387755102042,
      "loss": 1.3684,
      "step": 17000
    },
    {
      "epoch": 4.89,
      "eval_loss": 1.394872784614563,
      "eval_runtime": 7.5443,
      "eval_samples_per_second": 106.04,
      "eval_steps_per_second": 53.02,
      "step": 17000
    },
    {
      "epoch": 4.92,
      "learning_rate": 0.08459183673469389,
      "loss": 1.3403,
      "step": 17100
    },
    {
      "epoch": 4.95,
      "learning_rate": 0.08448979591836736,
      "loss": 1.2744,
      "step": 17200
    },
    {
      "epoch": 4.98,
      "learning_rate": 0.08438775510204083,
      "loss": 1.3266,
      "step": 17300
    },
    {
      "epoch": 5.01,
      "learning_rate": 0.0842857142857143,
      "loss": 1.3188,
      "step": 17400
    },
    {
      "epoch": 5.04,
      "learning_rate": 0.08418367346938777,
      "loss": 1.2714,
      "step": 17500
    },
    {
      "epoch": 5.07,
      "learning_rate": 0.08408163265306123,
      "loss": 1.3955,
      "step": 17600
    },
    {
      "epoch": 5.09,
      "learning_rate": 0.0839795918367347,
      "loss": 1.3895,
      "step": 17700
    },
    {
      "epoch": 5.12,
      "learning_rate": 0.08387755102040817,
      "loss": 1.3128,
      "step": 17800
    },
    {
      "epoch": 5.15,
      "learning_rate": 0.08377551020408164,
      "loss": 1.3811,
      "step": 17900
    },
    {
      "epoch": 5.18,
      "learning_rate": 0.0836734693877551,
      "loss": 1.3837,
      "step": 18000
    },
    {
      "epoch": 5.18,
      "eval_loss": 1.3508780002593994,
      "eval_runtime": 7.608,
      "eval_samples_per_second": 105.153,
      "eval_steps_per_second": 52.576,
      "step": 18000
    },
    {
      "epoch": 5.21,
      "learning_rate": 0.08357142857142857,
      "loss": 1.3518,
      "step": 18100
    },
    {
      "epoch": 5.24,
      "learning_rate": 0.08346938775510204,
      "loss": 1.2873,
      "step": 18200
    },
    {
      "epoch": 5.27,
      "learning_rate": 0.08336734693877551,
      "loss": 1.2899,
      "step": 18300
    },
    {
      "epoch": 5.3,
      "learning_rate": 0.08326530612244898,
      "loss": 1.4001,
      "step": 18400
    },
    {
      "epoch": 5.33,
      "learning_rate": 0.08316326530612245,
      "loss": 1.3407,
      "step": 18500
    },
    {
      "epoch": 5.35,
      "learning_rate": 0.08306122448979592,
      "loss": 1.2866,
      "step": 18600
    },
    {
      "epoch": 5.38,
      "learning_rate": 0.08295918367346938,
      "loss": 1.1777,
      "step": 18700
    },
    {
      "epoch": 5.41,
      "learning_rate": 0.08285714285714287,
      "loss": 1.2893,
      "step": 18800
    },
    {
      "epoch": 5.44,
      "learning_rate": 0.08275510204081633,
      "loss": 1.2757,
      "step": 18900
    },
    {
      "epoch": 5.47,
      "learning_rate": 0.0826530612244898,
      "loss": 1.3581,
      "step": 19000
    },
    {
      "epoch": 5.47,
      "eval_loss": 1.457338809967041,
      "eval_runtime": 7.5816,
      "eval_samples_per_second": 105.518,
      "eval_steps_per_second": 52.759,
      "step": 19000
    },
    {
      "epoch": 5.5,
      "learning_rate": 0.08255102040816327,
      "loss": 1.3788,
      "step": 19100
    },
    {
      "epoch": 5.53,
      "learning_rate": 0.08244897959183674,
      "loss": 1.3666,
      "step": 19200
    },
    {
      "epoch": 5.56,
      "learning_rate": 0.0823469387755102,
      "loss": 1.2522,
      "step": 19300
    },
    {
      "epoch": 5.58,
      "learning_rate": 0.08224489795918367,
      "loss": 1.2494,
      "step": 19400
    },
    {
      "epoch": 5.61,
      "learning_rate": 0.08214285714285714,
      "loss": 1.3834,
      "step": 19500
    },
    {
      "epoch": 5.64,
      "learning_rate": 0.08204081632653061,
      "loss": 1.3414,
      "step": 19600
    },
    {
      "epoch": 5.67,
      "learning_rate": 0.08193877551020409,
      "loss": 1.2951,
      "step": 19700
    },
    {
      "epoch": 5.7,
      "learning_rate": 0.08183673469387756,
      "loss": 1.4354,
      "step": 19800
    },
    {
      "epoch": 5.73,
      "learning_rate": 0.08173469387755103,
      "loss": 1.4197,
      "step": 19900
    },
    {
      "epoch": 5.76,
      "learning_rate": 0.0816326530612245,
      "loss": 1.285,
      "step": 20000
    },
    {
      "epoch": 5.76,
      "eval_loss": 1.3610316514968872,
      "eval_runtime": 7.5435,
      "eval_samples_per_second": 106.051,
      "eval_steps_per_second": 53.026,
      "step": 20000
    },
    {
      "epoch": 5.79,
      "learning_rate": 0.08153061224489797,
      "loss": 1.3825,
      "step": 20100
    },
    {
      "epoch": 5.81,
      "learning_rate": 0.08142857142857143,
      "loss": 1.3808,
      "step": 20200
    },
    {
      "epoch": 5.84,
      "learning_rate": 0.0813265306122449,
      "loss": 1.3382,
      "step": 20300
    },
    {
      "epoch": 5.87,
      "learning_rate": 0.08122448979591837,
      "loss": 1.41,
      "step": 20400
    },
    {
      "epoch": 5.9,
      "learning_rate": 0.08112244897959184,
      "loss": 1.3756,
      "step": 20500
    },
    {
      "epoch": 5.93,
      "learning_rate": 0.0810204081632653,
      "loss": 1.2215,
      "step": 20600
    },
    {
      "epoch": 5.96,
      "learning_rate": 0.08091836734693879,
      "loss": 1.323,
      "step": 20700
    },
    {
      "epoch": 5.99,
      "learning_rate": 0.08081632653061226,
      "loss": 1.3917,
      "step": 20800
    },
    {
      "epoch": 6.02,
      "learning_rate": 0.08071428571428572,
      "loss": 1.2125,
      "step": 20900
    },
    {
      "epoch": 6.04,
      "learning_rate": 0.08061224489795919,
      "loss": 1.2554,
      "step": 21000
    },
    {
      "epoch": 6.04,
      "eval_loss": 1.4247773885726929,
      "eval_runtime": 7.5465,
      "eval_samples_per_second": 106.009,
      "eval_steps_per_second": 53.005,
      "step": 21000
    },
    {
      "epoch": 6.07,
      "learning_rate": 0.08051020408163266,
      "loss": 1.3362,
      "step": 21100
    },
    {
      "epoch": 6.1,
      "learning_rate": 0.08040816326530613,
      "loss": 1.3798,
      "step": 21200
    },
    {
      "epoch": 6.13,
      "learning_rate": 0.0803061224489796,
      "loss": 1.4542,
      "step": 21300
    },
    {
      "epoch": 6.16,
      "learning_rate": 0.08020408163265307,
      "loss": 1.3014,
      "step": 21400
    },
    {
      "epoch": 6.19,
      "learning_rate": 0.08010204081632653,
      "loss": 1.3783,
      "step": 21500
    },
    {
      "epoch": 6.22,
      "learning_rate": 0.08000000000000002,
      "loss": 1.2442,
      "step": 21600
    },
    {
      "epoch": 6.25,
      "learning_rate": 0.07989795918367348,
      "loss": 1.2456,
      "step": 21700
    },
    {
      "epoch": 6.28,
      "learning_rate": 0.07979591836734695,
      "loss": 1.359,
      "step": 21800
    },
    {
      "epoch": 6.3,
      "learning_rate": 0.07969387755102042,
      "loss": 1.3281,
      "step": 21900
    },
    {
      "epoch": 6.33,
      "learning_rate": 0.07959183673469389,
      "loss": 1.2729,
      "step": 22000
    },
    {
      "epoch": 6.33,
      "eval_loss": 1.3845714330673218,
      "eval_runtime": 7.5245,
      "eval_samples_per_second": 106.32,
      "eval_steps_per_second": 53.16,
      "step": 22000
    },
    {
      "epoch": 6.36,
      "learning_rate": 0.07948979591836736,
      "loss": 1.3805,
      "step": 22100
    },
    {
      "epoch": 6.39,
      "learning_rate": 0.07938775510204082,
      "loss": 1.2854,
      "step": 22200
    },
    {
      "epoch": 6.42,
      "learning_rate": 0.07928571428571429,
      "loss": 1.4413,
      "step": 22300
    },
    {
      "epoch": 6.45,
      "learning_rate": 0.07918367346938776,
      "loss": 1.3391,
      "step": 22400
    },
    {
      "epoch": 6.48,
      "learning_rate": 0.07908163265306123,
      "loss": 1.26,
      "step": 22500
    },
    {
      "epoch": 6.51,
      "learning_rate": 0.0789795918367347,
      "loss": 1.3086,
      "step": 22600
    },
    {
      "epoch": 6.53,
      "learning_rate": 0.07887755102040817,
      "loss": 1.1592,
      "step": 22700
    },
    {
      "epoch": 6.56,
      "learning_rate": 0.07877551020408163,
      "loss": 1.4201,
      "step": 22800
    },
    {
      "epoch": 6.59,
      "learning_rate": 0.0786734693877551,
      "loss": 1.2787,
      "step": 22900
    },
    {
      "epoch": 6.62,
      "learning_rate": 0.07857142857142857,
      "loss": 1.3126,
      "step": 23000
    },
    {
      "epoch": 6.62,
      "eval_loss": 1.3680437803268433,
      "eval_runtime": 7.5173,
      "eval_samples_per_second": 106.421,
      "eval_steps_per_second": 53.21,
      "step": 23000
    },
    {
      "epoch": 6.65,
      "learning_rate": 0.07846938775510204,
      "loss": 1.3776,
      "step": 23100
    },
    {
      "epoch": 6.68,
      "learning_rate": 0.0783673469387755,
      "loss": 1.2539,
      "step": 23200
    },
    {
      "epoch": 6.71,
      "learning_rate": 0.07826530612244897,
      "loss": 1.1962,
      "step": 23300
    },
    {
      "epoch": 6.74,
      "learning_rate": 0.07816326530612246,
      "loss": 1.2852,
      "step": 23400
    },
    {
      "epoch": 6.76,
      "learning_rate": 0.07806122448979592,
      "loss": 1.3062,
      "step": 23500
    },
    {
      "epoch": 6.79,
      "learning_rate": 0.07795918367346939,
      "loss": 1.2522,
      "step": 23600
    },
    {
      "epoch": 6.82,
      "learning_rate": 0.07785714285714286,
      "loss": 1.3523,
      "step": 23700
    },
    {
      "epoch": 6.85,
      "learning_rate": 0.07775510204081633,
      "loss": 1.3457,
      "step": 23800
    },
    {
      "epoch": 6.88,
      "learning_rate": 0.0776530612244898,
      "loss": 1.2718,
      "step": 23900
    },
    {
      "epoch": 6.91,
      "learning_rate": 0.07755102040816327,
      "loss": 1.271,
      "step": 24000
    },
    {
      "epoch": 6.91,
      "eval_loss": 1.3663856983184814,
      "eval_runtime": 7.5159,
      "eval_samples_per_second": 106.442,
      "eval_steps_per_second": 53.221,
      "step": 24000
    },
    {
      "epoch": 6.94,
      "learning_rate": 0.07744897959183673,
      "loss": 1.45,
      "step": 24100
    },
    {
      "epoch": 6.97,
      "learning_rate": 0.0773469387755102,
      "loss": 1.3755,
      "step": 24200
    },
    {
      "epoch": 6.99,
      "learning_rate": 0.07724489795918368,
      "loss": 1.2706,
      "step": 24300
    },
    {
      "epoch": 7.02,
      "learning_rate": 0.07714285714285715,
      "loss": 1.2341,
      "step": 24400
    },
    {
      "epoch": 7.05,
      "learning_rate": 0.07704081632653062,
      "loss": 1.2106,
      "step": 24500
    },
    {
      "epoch": 7.08,
      "learning_rate": 0.07693877551020409,
      "loss": 1.3105,
      "step": 24600
    },
    {
      "epoch": 7.11,
      "learning_rate": 0.07683673469387756,
      "loss": 1.2561,
      "step": 24700
    },
    {
      "epoch": 7.14,
      "learning_rate": 0.07673469387755102,
      "loss": 1.364,
      "step": 24800
    },
    {
      "epoch": 7.17,
      "learning_rate": 0.07663265306122449,
      "loss": 1.2493,
      "step": 24900
    },
    {
      "epoch": 7.2,
      "learning_rate": 0.07653061224489796,
      "loss": 1.2182,
      "step": 25000
    },
    {
      "epoch": 7.2,
      "eval_loss": 1.4174145460128784,
      "eval_runtime": 7.5399,
      "eval_samples_per_second": 106.103,
      "eval_steps_per_second": 53.051,
      "step": 25000
    },
    {
      "epoch": 7.23,
      "learning_rate": 0.07642857142857143,
      "loss": 1.2736,
      "step": 25100
    },
    {
      "epoch": 7.25,
      "learning_rate": 0.07632653061224491,
      "loss": 1.3163,
      "step": 25200
    },
    {
      "epoch": 7.28,
      "learning_rate": 0.07622448979591838,
      "loss": 1.3808,
      "step": 25300
    },
    {
      "epoch": 7.31,
      "learning_rate": 0.07612244897959185,
      "loss": 1.2805,
      "step": 25400
    },
    {
      "epoch": 7.34,
      "learning_rate": 0.07602040816326532,
      "loss": 1.3558,
      "step": 25500
    },
    {
      "epoch": 7.37,
      "learning_rate": 0.07591836734693878,
      "loss": 1.3781,
      "step": 25600
    },
    {
      "epoch": 7.4,
      "learning_rate": 0.07581632653061225,
      "loss": 1.3689,
      "step": 25700
    },
    {
      "epoch": 7.43,
      "learning_rate": 0.07571428571428572,
      "loss": 1.3425,
      "step": 25800
    },
    {
      "epoch": 7.46,
      "learning_rate": 0.07561224489795919,
      "loss": 1.365,
      "step": 25900
    },
    {
      "epoch": 7.48,
      "learning_rate": 0.07551020408163266,
      "loss": 1.326,
      "step": 26000
    },
    {
      "epoch": 7.48,
      "eval_loss": 1.4137039184570312,
      "eval_runtime": 7.5491,
      "eval_samples_per_second": 105.973,
      "eval_steps_per_second": 52.986,
      "step": 26000
    },
    {
      "epoch": 7.51,
      "learning_rate": 0.07540816326530614,
      "loss": 1.3318,
      "step": 26100
    },
    {
      "epoch": 7.54,
      "learning_rate": 0.0753061224489796,
      "loss": 1.3156,
      "step": 26200
    },
    {
      "epoch": 7.57,
      "learning_rate": 0.07520408163265307,
      "loss": 1.325,
      "step": 26300
    },
    {
      "epoch": 7.6,
      "learning_rate": 0.07510204081632654,
      "loss": 1.3229,
      "step": 26400
    },
    {
      "epoch": 7.63,
      "learning_rate": 0.07500000000000001,
      "loss": 1.2302,
      "step": 26500
    },
    {
      "epoch": 7.66,
      "learning_rate": 0.07489795918367347,
      "loss": 1.24,
      "step": 26600
    },
    {
      "epoch": 7.69,
      "learning_rate": 0.07479591836734693,
      "loss": 1.1624,
      "step": 26700
    },
    {
      "epoch": 7.71,
      "learning_rate": 0.0746938775510204,
      "loss": 1.3521,
      "step": 26800
    },
    {
      "epoch": 7.74,
      "learning_rate": 0.07459183673469387,
      "loss": 1.3644,
      "step": 26900
    },
    {
      "epoch": 7.77,
      "learning_rate": 0.07448979591836735,
      "loss": 1.2978,
      "step": 27000
    },
    {
      "epoch": 7.77,
      "eval_loss": 1.3732702732086182,
      "eval_runtime": 7.5132,
      "eval_samples_per_second": 106.479,
      "eval_steps_per_second": 53.239,
      "step": 27000
    },
    {
      "epoch": 7.8,
      "learning_rate": 0.07438775510204082,
      "loss": 1.2777,
      "step": 27100
    },
    {
      "epoch": 7.83,
      "learning_rate": 0.07428571428571429,
      "loss": 1.272,
      "step": 27200
    },
    {
      "epoch": 7.86,
      "learning_rate": 0.07418367346938776,
      "loss": 1.3158,
      "step": 27300
    },
    {
      "epoch": 7.89,
      "learning_rate": 0.07408163265306122,
      "loss": 1.3047,
      "step": 27400
    },
    {
      "epoch": 7.92,
      "learning_rate": 0.07397959183673469,
      "loss": 1.315,
      "step": 27500
    },
    {
      "epoch": 7.94,
      "learning_rate": 0.07387755102040816,
      "loss": 1.2827,
      "step": 27600
    },
    {
      "epoch": 7.97,
      "learning_rate": 0.07377551020408163,
      "loss": 1.2267,
      "step": 27700
    },
    {
      "epoch": 8.0,
      "learning_rate": 0.0736734693877551,
      "loss": 1.3118,
      "step": 27800
    },
    {
      "epoch": 8.03,
      "learning_rate": 0.07357142857142858,
      "loss": 1.1526,
      "step": 27900
    },
    {
      "epoch": 8.06,
      "learning_rate": 0.07346938775510205,
      "loss": 1.2276,
      "step": 28000
    },
    {
      "epoch": 8.06,
      "eval_loss": 1.3882098197937012,
      "eval_runtime": 7.5499,
      "eval_samples_per_second": 105.962,
      "eval_steps_per_second": 52.981,
      "step": 28000
    },
    {
      "epoch": 8.09,
      "learning_rate": 0.07336734693877552,
      "loss": 1.375,
      "step": 28100
    },
    {
      "epoch": 8.12,
      "learning_rate": 0.07326530612244898,
      "loss": 1.3533,
      "step": 28200
    },
    {
      "epoch": 8.15,
      "learning_rate": 0.07316326530612245,
      "loss": 1.2117,
      "step": 28300
    },
    {
      "epoch": 8.18,
      "learning_rate": 0.07306122448979592,
      "loss": 1.2644,
      "step": 28400
    },
    {
      "epoch": 8.2,
      "learning_rate": 0.07295918367346939,
      "loss": 1.2258,
      "step": 28500
    },
    {
      "epoch": 8.23,
      "learning_rate": 0.07285714285714286,
      "loss": 1.2456,
      "step": 28600
    },
    {
      "epoch": 8.26,
      "learning_rate": 0.07275510204081632,
      "loss": 1.22,
      "step": 28700
    },
    {
      "epoch": 8.29,
      "learning_rate": 0.0726530612244898,
      "loss": 1.3751,
      "step": 28800
    },
    {
      "epoch": 8.32,
      "learning_rate": 0.07255102040816327,
      "loss": 1.2177,
      "step": 28900
    },
    {
      "epoch": 8.35,
      "learning_rate": 0.07244897959183674,
      "loss": 1.232,
      "step": 29000
    },
    {
      "epoch": 8.35,
      "eval_loss": 1.4191925525665283,
      "eval_runtime": 7.5167,
      "eval_samples_per_second": 106.429,
      "eval_steps_per_second": 53.215,
      "step": 29000
    },
    {
      "epoch": 8.38,
      "learning_rate": 0.07234693877551021,
      "loss": 1.2615,
      "step": 29100
    },
    {
      "epoch": 8.41,
      "learning_rate": 0.07224489795918368,
      "loss": 1.3424,
      "step": 29200
    },
    {
      "epoch": 8.43,
      "learning_rate": 0.07214285714285715,
      "loss": 1.3111,
      "step": 29300
    },
    {
      "epoch": 8.46,
      "learning_rate": 0.07204081632653062,
      "loss": 1.3028,
      "step": 29400
    },
    {
      "epoch": 8.49,
      "learning_rate": 0.07193877551020408,
      "loss": 1.4132,
      "step": 29500
    },
    {
      "epoch": 8.52,
      "learning_rate": 0.07183673469387755,
      "loss": 1.3682,
      "step": 29600
    },
    {
      "epoch": 8.55,
      "learning_rate": 0.07173469387755103,
      "loss": 1.3392,
      "step": 29700
    },
    {
      "epoch": 8.58,
      "learning_rate": 0.0716326530612245,
      "loss": 1.3676,
      "step": 29800
    },
    {
      "epoch": 8.61,
      "learning_rate": 0.07153061224489797,
      "loss": 1.2033,
      "step": 29900
    },
    {
      "epoch": 8.64,
      "learning_rate": 0.07142857142857144,
      "loss": 1.3564,
      "step": 30000
    },
    {
      "epoch": 8.64,
      "eval_loss": 1.3445334434509277,
      "eval_runtime": 7.5733,
      "eval_samples_per_second": 105.634,
      "eval_steps_per_second": 52.817,
      "step": 30000
    },
    {
      "epoch": 8.66,
      "learning_rate": 0.0713265306122449,
      "loss": 1.2014,
      "step": 30100
    },
    {
      "epoch": 8.69,
      "learning_rate": 0.07122448979591837,
      "loss": 1.3286,
      "step": 30200
    },
    {
      "epoch": 8.72,
      "learning_rate": 0.07112244897959184,
      "loss": 1.2612,
      "step": 30300
    },
    {
      "epoch": 8.75,
      "learning_rate": 0.07102040816326531,
      "loss": 1.1903,
      "step": 30400
    },
    {
      "epoch": 8.78,
      "learning_rate": 0.07091836734693878,
      "loss": 1.2854,
      "step": 30500
    },
    {
      "epoch": 8.81,
      "learning_rate": 0.07081632653061225,
      "loss": 1.3258,
      "step": 30600
    },
    {
      "epoch": 8.84,
      "learning_rate": 0.07071428571428572,
      "loss": 1.254,
      "step": 30700
    },
    {
      "epoch": 8.87,
      "learning_rate": 0.07061224489795918,
      "loss": 1.2354,
      "step": 30800
    },
    {
      "epoch": 8.89,
      "learning_rate": 0.07051020408163265,
      "loss": 1.2062,
      "step": 30900
    },
    {
      "epoch": 8.92,
      "learning_rate": 0.07040816326530612,
      "loss": 1.3109,
      "step": 31000
    },
    {
      "epoch": 8.92,
      "eval_loss": 1.373182773590088,
      "eval_runtime": 7.5709,
      "eval_samples_per_second": 105.667,
      "eval_steps_per_second": 52.834,
      "step": 31000
    },
    {
      "epoch": 8.95,
      "learning_rate": 0.07030612244897959,
      "loss": 1.2081,
      "step": 31100
    },
    {
      "epoch": 8.98,
      "learning_rate": 0.07020408163265306,
      "loss": 1.2386,
      "step": 31200
    },
    {
      "epoch": 9.01,
      "learning_rate": 0.07010204081632652,
      "loss": 1.2418,
      "step": 31300
    },
    {
      "epoch": 9.04,
      "learning_rate": 0.06999999999999999,
      "loss": 1.1567,
      "step": 31400
    },
    {
      "epoch": 9.07,
      "learning_rate": 0.06989795918367347,
      "loss": 1.27,
      "step": 31500
    },
    {
      "epoch": 9.1,
      "learning_rate": 0.06979591836734694,
      "loss": 1.3746,
      "step": 31600
    },
    {
      "epoch": 9.12,
      "learning_rate": 0.06969387755102041,
      "loss": 1.1619,
      "step": 31700
    },
    {
      "epoch": 9.15,
      "learning_rate": 0.06959183673469388,
      "loss": 1.2961,
      "step": 31800
    },
    {
      "epoch": 9.18,
      "learning_rate": 0.06948979591836735,
      "loss": 1.2152,
      "step": 31900
    },
    {
      "epoch": 9.21,
      "learning_rate": 0.06938775510204082,
      "loss": 1.2558,
      "step": 32000
    },
    {
      "epoch": 9.21,
      "eval_loss": 1.3750211000442505,
      "eval_runtime": 7.5173,
      "eval_samples_per_second": 106.421,
      "eval_steps_per_second": 53.21,
      "step": 32000
    },
    {
      "epoch": 9.24,
      "learning_rate": 0.06928571428571428,
      "loss": 1.2485,
      "step": 32100
    },
    {
      "epoch": 9.27,
      "learning_rate": 0.06918367346938775,
      "loss": 1.3057,
      "step": 32200
    },
    {
      "epoch": 9.3,
      "learning_rate": 0.06908163265306122,
      "loss": 1.2044,
      "step": 32300
    },
    {
      "epoch": 9.33,
      "learning_rate": 0.0689795918367347,
      "loss": 1.278,
      "step": 32400
    },
    {
      "epoch": 9.36,
      "learning_rate": 0.06887755102040817,
      "loss": 1.1406,
      "step": 32500
    },
    {
      "epoch": 9.38,
      "learning_rate": 0.06877551020408164,
      "loss": 1.3218,
      "step": 32600
    },
    {
      "epoch": 9.41,
      "learning_rate": 0.0686734693877551,
      "loss": 1.2832,
      "step": 32700
    },
    {
      "epoch": 9.44,
      "learning_rate": 0.06857142857142857,
      "loss": 1.2289,
      "step": 32800
    },
    {
      "epoch": 9.47,
      "learning_rate": 0.06846938775510204,
      "loss": 1.3576,
      "step": 32900
    },
    {
      "epoch": 9.5,
      "learning_rate": 0.06836734693877551,
      "loss": 1.2799,
      "step": 33000
    },
    {
      "epoch": 9.5,
      "eval_loss": 1.3933426141738892,
      "eval_runtime": 7.5562,
      "eval_samples_per_second": 105.874,
      "eval_steps_per_second": 52.937,
      "step": 33000
    },
    {
      "epoch": 9.53,
      "learning_rate": 0.06826530612244898,
      "loss": 1.2208,
      "step": 33100
    },
    {
      "epoch": 9.56,
      "learning_rate": 0.06816326530612245,
      "loss": 1.226,
      "step": 33200
    },
    {
      "epoch": 9.59,
      "learning_rate": 0.06806122448979592,
      "loss": 1.2108,
      "step": 33300
    },
    {
      "epoch": 9.61,
      "learning_rate": 0.0679591836734694,
      "loss": 1.3382,
      "step": 33400
    },
    {
      "epoch": 9.64,
      "learning_rate": 0.06785714285714287,
      "loss": 1.3104,
      "step": 33500
    },
    {
      "epoch": 9.67,
      "learning_rate": 0.06775510204081633,
      "loss": 1.3387,
      "step": 33600
    },
    {
      "epoch": 9.7,
      "learning_rate": 0.0676530612244898,
      "loss": 1.2947,
      "step": 33700
    },
    {
      "epoch": 9.73,
      "learning_rate": 0.06755102040816327,
      "loss": 1.2399,
      "step": 33800
    },
    {
      "epoch": 9.76,
      "learning_rate": 0.06744897959183674,
      "loss": 1.2406,
      "step": 33900
    },
    {
      "epoch": 9.79,
      "learning_rate": 0.0673469387755102,
      "loss": 1.1826,
      "step": 34000
    },
    {
      "epoch": 9.79,
      "eval_loss": 1.367925763130188,
      "eval_runtime": 7.5392,
      "eval_samples_per_second": 106.112,
      "eval_steps_per_second": 53.056,
      "step": 34000
    },
    {
      "epoch": 9.82,
      "learning_rate": 0.06724489795918367,
      "loss": 1.3099,
      "step": 34100
    },
    {
      "epoch": 9.84,
      "learning_rate": 0.06714285714285714,
      "loss": 1.2127,
      "step": 34200
    },
    {
      "epoch": 9.87,
      "learning_rate": 0.06704081632653063,
      "loss": 1.2642,
      "step": 34300
    },
    {
      "epoch": 9.9,
      "learning_rate": 0.0669387755102041,
      "loss": 1.2866,
      "step": 34400
    },
    {
      "epoch": 9.93,
      "learning_rate": 0.06683673469387756,
      "loss": 1.2921,
      "step": 34500
    },
    {
      "epoch": 9.96,
      "learning_rate": 0.06673469387755103,
      "loss": 1.2365,
      "step": 34600
    },
    {
      "epoch": 9.99,
      "learning_rate": 0.0666326530612245,
      "loss": 1.2655,
      "step": 34700
    },
    {
      "epoch": 10.02,
      "learning_rate": 0.06653061224489797,
      "loss": 1.2114,
      "step": 34800
    },
    {
      "epoch": 10.05,
      "learning_rate": 0.06642857142857143,
      "loss": 1.2116,
      "step": 34900
    },
    {
      "epoch": 10.07,
      "learning_rate": 0.0663265306122449,
      "loss": 1.269,
      "step": 35000
    },
    {
      "epoch": 10.07,
      "eval_loss": 1.4347751140594482,
      "eval_runtime": 7.5447,
      "eval_samples_per_second": 106.035,
      "eval_steps_per_second": 53.018,
      "step": 35000
    },
    {
      "epoch": 10.1,
      "learning_rate": 0.06622448979591837,
      "loss": 1.3241,
      "step": 35100
    },
    {
      "epoch": 10.13,
      "learning_rate": 0.06612244897959184,
      "loss": 1.3135,
      "step": 35200
    },
    {
      "epoch": 10.16,
      "learning_rate": 0.0660204081632653,
      "loss": 1.1849,
      "step": 35300
    },
    {
      "epoch": 10.19,
      "learning_rate": 0.06591836734693877,
      "loss": 1.2643,
      "step": 35400
    },
    {
      "epoch": 10.22,
      "learning_rate": 0.06581632653061224,
      "loss": 1.2462,
      "step": 35500
    },
    {
      "epoch": 10.25,
      "learning_rate": 0.06571428571428571,
      "loss": 1.3765,
      "step": 35600
    },
    {
      "epoch": 10.28,
      "learning_rate": 0.06561224489795918,
      "loss": 1.3481,
      "step": 35700
    },
    {
      "epoch": 10.31,
      "learning_rate": 0.06551020408163265,
      "loss": 1.1694,
      "step": 35800
    },
    {
      "epoch": 10.33,
      "learning_rate": 0.06540816326530612,
      "loss": 1.3484,
      "step": 35900
    },
    {
      "epoch": 10.36,
      "learning_rate": 0.06530612244897958,
      "loss": 1.2666,
      "step": 36000
    },
    {
      "epoch": 10.36,
      "eval_loss": 1.353407859802246,
      "eval_runtime": 7.5719,
      "eval_samples_per_second": 105.654,
      "eval_steps_per_second": 52.827,
      "step": 36000
    },
    {
      "epoch": 10.39,
      "learning_rate": 0.06520408163265307,
      "loss": 1.2706,
      "step": 36100
    },
    {
      "epoch": 10.42,
      "learning_rate": 0.06510204081632653,
      "loss": 1.224,
      "step": 36200
    },
    {
      "epoch": 10.45,
      "learning_rate": 0.065,
      "loss": 1.3027,
      "step": 36300
    },
    {
      "epoch": 10.48,
      "learning_rate": 0.06489795918367347,
      "loss": 1.2603,
      "step": 36400
    },
    {
      "epoch": 10.51,
      "learning_rate": 0.06479591836734694,
      "loss": 1.1942,
      "step": 36500
    },
    {
      "epoch": 10.54,
      "learning_rate": 0.0646938775510204,
      "loss": 1.16,
      "step": 36600
    },
    {
      "epoch": 10.56,
      "learning_rate": 0.06459183673469387,
      "loss": 1.2609,
      "step": 36700
    },
    {
      "epoch": 10.59,
      "learning_rate": 0.06448979591836734,
      "loss": 1.2867,
      "step": 36800
    },
    {
      "epoch": 10.62,
      "learning_rate": 0.06438775510204081,
      "loss": 1.1266,
      "step": 36900
    },
    {
      "epoch": 10.65,
      "learning_rate": 0.0642857142857143,
      "loss": 1.2532,
      "step": 37000
    },
    {
      "epoch": 10.65,
      "eval_loss": 1.4102855920791626,
      "eval_runtime": 7.5474,
      "eval_samples_per_second": 105.997,
      "eval_steps_per_second": 52.998,
      "step": 37000
    },
    {
      "epoch": 10.68,
      "learning_rate": 0.06418367346938776,
      "loss": 1.2832,
      "step": 37100
    },
    {
      "epoch": 10.71,
      "learning_rate": 0.06408163265306123,
      "loss": 1.2553,
      "step": 37200
    },
    {
      "epoch": 10.74,
      "learning_rate": 0.0639795918367347,
      "loss": 1.2103,
      "step": 37300
    },
    {
      "epoch": 10.77,
      "learning_rate": 0.06387755102040817,
      "loss": 1.3122,
      "step": 37400
    },
    {
      "epoch": 10.79,
      "learning_rate": 0.06377551020408163,
      "loss": 1.3698,
      "step": 37500
    },
    {
      "epoch": 10.82,
      "learning_rate": 0.0636734693877551,
      "loss": 1.2008,
      "step": 37600
    },
    {
      "epoch": 10.85,
      "learning_rate": 0.06357142857142857,
      "loss": 1.1398,
      "step": 37700
    },
    {
      "epoch": 10.88,
      "learning_rate": 0.06346938775510204,
      "loss": 1.2734,
      "step": 37800
    },
    {
      "epoch": 10.91,
      "learning_rate": 0.06336734693877552,
      "loss": 1.2938,
      "step": 37900
    },
    {
      "epoch": 10.94,
      "learning_rate": 0.06326530612244899,
      "loss": 1.1704,
      "step": 38000
    },
    {
      "epoch": 10.94,
      "eval_loss": 1.3172718286514282,
      "eval_runtime": 7.5648,
      "eval_samples_per_second": 105.753,
      "eval_steps_per_second": 52.876,
      "step": 38000
    },
    {
      "epoch": 10.97,
      "learning_rate": 0.06316326530612246,
      "loss": 1.1983,
      "step": 38100
    },
    {
      "epoch": 11.0,
      "learning_rate": 0.06306122448979593,
      "loss": 1.2714,
      "step": 38200
    },
    {
      "epoch": 11.02,
      "learning_rate": 0.0629591836734694,
      "loss": 1.2029,
      "step": 38300
    },
    {
      "epoch": 11.05,
      "learning_rate": 0.06285714285714286,
      "loss": 1.2421,
      "step": 38400
    },
    {
      "epoch": 11.08,
      "learning_rate": 0.06275510204081633,
      "loss": 1.3109,
      "step": 38500
    },
    {
      "epoch": 11.11,
      "learning_rate": 0.0626530612244898,
      "loss": 1.259,
      "step": 38600
    },
    {
      "epoch": 11.14,
      "learning_rate": 0.06255102040816327,
      "loss": 1.1758,
      "step": 38700
    },
    {
      "epoch": 11.17,
      "learning_rate": 0.06244897959183674,
      "loss": 1.2673,
      "step": 38800
    },
    {
      "epoch": 11.2,
      "learning_rate": 0.06234693877551021,
      "loss": 1.2098,
      "step": 38900
    },
    {
      "epoch": 11.23,
      "learning_rate": 0.06224489795918368,
      "loss": 1.1687,
      "step": 39000
    },
    {
      "epoch": 11.23,
      "eval_loss": 1.3634037971496582,
      "eval_runtime": 7.5188,
      "eval_samples_per_second": 106.4,
      "eval_steps_per_second": 53.2,
      "step": 39000
    },
    {
      "epoch": 11.26,
      "learning_rate": 0.062142857142857146,
      "loss": 1.2807,
      "step": 39100
    },
    {
      "epoch": 11.28,
      "learning_rate": 0.062040816326530614,
      "loss": 1.3035,
      "step": 39200
    },
    {
      "epoch": 11.31,
      "learning_rate": 0.06193877551020408,
      "loss": 1.1482,
      "step": 39300
    },
    {
      "epoch": 11.34,
      "learning_rate": 0.06183673469387755,
      "loss": 1.2657,
      "step": 39400
    },
    {
      "epoch": 11.37,
      "learning_rate": 0.06173469387755102,
      "loss": 1.3132,
      "step": 39500
    },
    {
      "epoch": 11.4,
      "learning_rate": 0.061632653061224486,
      "loss": 1.2667,
      "step": 39600
    },
    {
      "epoch": 11.43,
      "learning_rate": 0.06153061224489797,
      "loss": 1.3009,
      "step": 39700
    },
    {
      "epoch": 11.46,
      "learning_rate": 0.06142857142857144,
      "loss": 1.1989,
      "step": 39800
    },
    {
      "epoch": 11.49,
      "learning_rate": 0.061326530612244905,
      "loss": 1.1557,
      "step": 39900
    },
    {
      "epoch": 11.51,
      "learning_rate": 0.06122448979591837,
      "loss": 1.1991,
      "step": 40000
    },
    {
      "epoch": 11.51,
      "eval_loss": 1.3697738647460938,
      "eval_runtime": 7.5597,
      "eval_samples_per_second": 105.825,
      "eval_steps_per_second": 52.912,
      "step": 40000
    },
    {
      "epoch": 11.54,
      "learning_rate": 0.06112244897959184,
      "loss": 1.2278,
      "step": 40100
    },
    {
      "epoch": 11.57,
      "learning_rate": 0.06102040816326531,
      "loss": 1.2299,
      "step": 40200
    },
    {
      "epoch": 11.6,
      "learning_rate": 0.06091836734693878,
      "loss": 1.1437,
      "step": 40300
    },
    {
      "epoch": 11.63,
      "learning_rate": 0.060816326530612246,
      "loss": 1.1829,
      "step": 40400
    },
    {
      "epoch": 11.66,
      "learning_rate": 0.060714285714285714,
      "loss": 1.2635,
      "step": 40500
    },
    {
      "epoch": 11.69,
      "learning_rate": 0.06061224489795919,
      "loss": 1.1155,
      "step": 40600
    },
    {
      "epoch": 11.72,
      "learning_rate": 0.06051020408163266,
      "loss": 1.3672,
      "step": 40700
    },
    {
      "epoch": 11.74,
      "learning_rate": 0.060408163265306125,
      "loss": 1.2663,
      "step": 40800
    },
    {
      "epoch": 11.77,
      "learning_rate": 0.06030612244897959,
      "loss": 1.3038,
      "step": 40900
    },
    {
      "epoch": 11.8,
      "learning_rate": 0.06020408163265306,
      "loss": 1.3084,
      "step": 41000
    },
    {
      "epoch": 11.8,
      "eval_loss": 1.3703460693359375,
      "eval_runtime": 7.5688,
      "eval_samples_per_second": 105.697,
      "eval_steps_per_second": 52.848,
      "step": 41000
    },
    {
      "epoch": 11.83,
      "learning_rate": 0.06010204081632653,
      "loss": 1.2337,
      "step": 41100
    },
    {
      "epoch": 11.86,
      "learning_rate": 0.06,
      "loss": 1.2351,
      "step": 41200
    },
    {
      "epoch": 11.89,
      "learning_rate": 0.059897959183673466,
      "loss": 1.259,
      "step": 41300
    },
    {
      "epoch": 11.92,
      "learning_rate": 0.059795918367346934,
      "loss": 1.2585,
      "step": 41400
    },
    {
      "epoch": 11.95,
      "learning_rate": 0.059693877551020416,
      "loss": 1.2293,
      "step": 41500
    },
    {
      "epoch": 11.97,
      "learning_rate": 0.059591836734693884,
      "loss": 1.2379,
      "step": 41600
    },
    {
      "epoch": 12.0,
      "learning_rate": 0.05948979591836735,
      "loss": 1.2093,
      "step": 41700
    },
    {
      "epoch": 12.03,
      "learning_rate": 0.05938775510204082,
      "loss": 1.2213,
      "step": 41800
    },
    {
      "epoch": 12.06,
      "learning_rate": 0.05928571428571429,
      "loss": 1.169,
      "step": 41900
    },
    {
      "epoch": 12.09,
      "learning_rate": 0.05918367346938776,
      "loss": 1.1343,
      "step": 42000
    },
    {
      "epoch": 12.09,
      "eval_loss": 1.350266695022583,
      "eval_runtime": 7.579,
      "eval_samples_per_second": 105.555,
      "eval_steps_per_second": 52.778,
      "step": 42000
    },
    {
      "epoch": 12.12,
      "learning_rate": 0.059081632653061225,
      "loss": 1.3632,
      "step": 42100
    },
    {
      "epoch": 12.15,
      "learning_rate": 0.05897959183673469,
      "loss": 1.1896,
      "step": 42200
    },
    {
      "epoch": 12.18,
      "learning_rate": 0.05887755102040816,
      "loss": 1.2666,
      "step": 42300
    },
    {
      "epoch": 12.2,
      "learning_rate": 0.058775510204081644,
      "loss": 1.2629,
      "step": 42400
    },
    {
      "epoch": 12.23,
      "learning_rate": 0.05867346938775511,
      "loss": 1.3075,
      "step": 42500
    },
    {
      "epoch": 12.26,
      "learning_rate": 0.05857142857142858,
      "loss": 1.1983,
      "step": 42600
    },
    {
      "epoch": 12.29,
      "learning_rate": 0.05846938775510205,
      "loss": 1.4041,
      "step": 42700
    },
    {
      "epoch": 12.32,
      "learning_rate": 0.058367346938775516,
      "loss": 1.1462,
      "step": 42800
    },
    {
      "epoch": 12.35,
      "learning_rate": 0.058265306122448984,
      "loss": 1.1309,
      "step": 42900
    },
    {
      "epoch": 12.38,
      "learning_rate": 0.05816326530612245,
      "loss": 1.2448,
      "step": 43000
    },
    {
      "epoch": 12.38,
      "eval_loss": 1.3729987144470215,
      "eval_runtime": 7.572,
      "eval_samples_per_second": 105.653,
      "eval_steps_per_second": 52.826,
      "step": 43000
    },
    {
      "epoch": 12.41,
      "learning_rate": 0.05806122448979592,
      "loss": 1.1288,
      "step": 43100
    },
    {
      "epoch": 12.44,
      "learning_rate": 0.05795918367346939,
      "loss": 1.1994,
      "step": 43200
    },
    {
      "epoch": 12.46,
      "learning_rate": 0.057857142857142864,
      "loss": 1.1626,
      "step": 43300
    },
    {
      "epoch": 12.49,
      "learning_rate": 0.05775510204081633,
      "loss": 1.2514,
      "step": 43400
    },
    {
      "epoch": 12.52,
      "learning_rate": 0.0576530612244898,
      "loss": 1.1565,
      "step": 43500
    },
    {
      "epoch": 12.55,
      "learning_rate": 0.05755102040816327,
      "loss": 1.2837,
      "step": 43600
    },
    {
      "epoch": 12.58,
      "learning_rate": 0.05744897959183674,
      "loss": 1.2413,
      "step": 43700
    },
    {
      "epoch": 12.61,
      "learning_rate": 0.057346938775510205,
      "loss": 1.2215,
      "step": 43800
    },
    {
      "epoch": 12.64,
      "learning_rate": 0.05724489795918367,
      "loss": 1.2466,
      "step": 43900
    },
    {
      "epoch": 12.67,
      "learning_rate": 0.05714285714285714,
      "loss": 1.3232,
      "step": 44000
    },
    {
      "epoch": 12.67,
      "eval_loss": 1.3566471338272095,
      "eval_runtime": 7.5593,
      "eval_samples_per_second": 105.829,
      "eval_steps_per_second": 52.915,
      "step": 44000
    },
    {
      "epoch": 12.69,
      "learning_rate": 0.05704081632653061,
      "loss": 1.2901,
      "step": 44100
    },
    {
      "epoch": 12.72,
      "learning_rate": 0.05693877551020409,
      "loss": 1.2411,
      "step": 44200
    },
    {
      "epoch": 12.75,
      "learning_rate": 0.05683673469387756,
      "loss": 1.2708,
      "step": 44300
    },
    {
      "epoch": 12.78,
      "learning_rate": 0.05673469387755103,
      "loss": 1.3748,
      "step": 44400
    },
    {
      "epoch": 12.81,
      "learning_rate": 0.056632653061224496,
      "loss": 1.1949,
      "step": 44500
    },
    {
      "epoch": 12.84,
      "learning_rate": 0.056530612244897964,
      "loss": 1.2553,
      "step": 44600
    },
    {
      "epoch": 12.87,
      "learning_rate": 0.05642857142857143,
      "loss": 1.1924,
      "step": 44700
    },
    {
      "epoch": 12.9,
      "learning_rate": 0.0563265306122449,
      "loss": 1.1485,
      "step": 44800
    },
    {
      "epoch": 12.92,
      "learning_rate": 0.05622448979591837,
      "loss": 1.2737,
      "step": 44900
    },
    {
      "epoch": 12.95,
      "learning_rate": 0.05612244897959184,
      "loss": 1.2025,
      "step": 45000
    },
    {
      "epoch": 12.95,
      "eval_loss": 1.3648414611816406,
      "eval_runtime": 7.5684,
      "eval_samples_per_second": 105.703,
      "eval_steps_per_second": 52.851,
      "step": 45000
    },
    {
      "epoch": 12.98,
      "learning_rate": 0.056020408163265305,
      "loss": 1.1329,
      "step": 45100
    },
    {
      "epoch": 13.01,
      "learning_rate": 0.05591836734693878,
      "loss": 1.1835,
      "step": 45200
    },
    {
      "epoch": 13.04,
      "learning_rate": 0.05581632653061225,
      "loss": 1.2154,
      "step": 45300
    },
    {
      "epoch": 13.07,
      "learning_rate": 0.055714285714285716,
      "loss": 1.2083,
      "step": 45400
    },
    {
      "epoch": 13.1,
      "learning_rate": 0.055612244897959184,
      "loss": 1.3513,
      "step": 45500
    },
    {
      "epoch": 13.13,
      "learning_rate": 0.05551020408163265,
      "loss": 1.216,
      "step": 45600
    },
    {
      "epoch": 13.15,
      "learning_rate": 0.05540816326530612,
      "loss": 1.1826,
      "step": 45700
    },
    {
      "epoch": 13.18,
      "learning_rate": 0.05530612244897959,
      "loss": 1.1772,
      "step": 45800
    },
    {
      "epoch": 13.21,
      "learning_rate": 0.05520408163265306,
      "loss": 1.2821,
      "step": 45900
    },
    {
      "epoch": 13.24,
      "learning_rate": 0.055102040816326525,
      "loss": 1.2608,
      "step": 46000
    },
    {
      "epoch": 13.24,
      "eval_loss": 1.3484152555465698,
      "eval_runtime": 7.5556,
      "eval_samples_per_second": 105.882,
      "eval_steps_per_second": 52.941,
      "step": 46000
    },
    {
      "epoch": 13.27,
      "learning_rate": 0.05500000000000001,
      "loss": 1.2396,
      "step": 46100
    },
    {
      "epoch": 13.3,
      "learning_rate": 0.054897959183673475,
      "loss": 1.2363,
      "step": 46200
    },
    {
      "epoch": 13.33,
      "learning_rate": 0.054795918367346944,
      "loss": 1.2878,
      "step": 46300
    },
    {
      "epoch": 13.36,
      "learning_rate": 0.05469387755102041,
      "loss": 1.2676,
      "step": 46400
    },
    {
      "epoch": 13.39,
      "learning_rate": 0.05459183673469388,
      "loss": 1.2733,
      "step": 46500
    },
    {
      "epoch": 13.41,
      "learning_rate": 0.05448979591836735,
      "loss": 1.2444,
      "step": 46600
    },
    {
      "epoch": 13.44,
      "learning_rate": 0.054387755102040816,
      "loss": 1.1621,
      "step": 46700
    },
    {
      "epoch": 13.47,
      "learning_rate": 0.054285714285714284,
      "loss": 1.1956,
      "step": 46800
    },
    {
      "epoch": 13.5,
      "learning_rate": 0.05418367346938775,
      "loss": 1.2151,
      "step": 46900
    },
    {
      "epoch": 13.53,
      "learning_rate": 0.054081632653061235,
      "loss": 1.2186,
      "step": 47000
    },
    {
      "epoch": 13.53,
      "eval_loss": 1.3457167148590088,
      "eval_runtime": 7.5563,
      "eval_samples_per_second": 105.872,
      "eval_steps_per_second": 52.936,
      "step": 47000
    },
    {
      "epoch": 13.56,
      "learning_rate": 0.0539795918367347,
      "loss": 1.2386,
      "step": 47100
    },
    {
      "epoch": 13.59,
      "learning_rate": 0.05387755102040817,
      "loss": 1.1812,
      "step": 47200
    },
    {
      "epoch": 13.62,
      "learning_rate": 0.05377551020408164,
      "loss": 1.1466,
      "step": 47300
    },
    {
      "epoch": 13.64,
      "learning_rate": 0.05367346938775511,
      "loss": 1.393,
      "step": 47400
    },
    {
      "epoch": 13.67,
      "learning_rate": 0.053571428571428575,
      "loss": 1.1474,
      "step": 47500
    },
    {
      "epoch": 13.7,
      "learning_rate": 0.053469387755102044,
      "loss": 1.1699,
      "step": 47600
    },
    {
      "epoch": 13.73,
      "learning_rate": 0.05336734693877551,
      "loss": 1.0926,
      "step": 47700
    },
    {
      "epoch": 13.76,
      "learning_rate": 0.05326530612244898,
      "loss": 1.2546,
      "step": 47800
    },
    {
      "epoch": 13.79,
      "learning_rate": 0.053163265306122455,
      "loss": 1.1422,
      "step": 47900
    },
    {
      "epoch": 13.82,
      "learning_rate": 0.05306122448979592,
      "loss": 1.2318,
      "step": 48000
    },
    {
      "epoch": 13.82,
      "eval_loss": 1.3464181423187256,
      "eval_runtime": 7.5802,
      "eval_samples_per_second": 105.538,
      "eval_steps_per_second": 52.769,
      "step": 48000
    },
    {
      "epoch": 13.85,
      "learning_rate": 0.05295918367346939,
      "loss": 1.2041,
      "step": 48100
    },
    {
      "epoch": 13.87,
      "learning_rate": 0.05285714285714286,
      "loss": 1.3099,
      "step": 48200
    },
    {
      "epoch": 13.9,
      "learning_rate": 0.05275510204081633,
      "loss": 1.2563,
      "step": 48300
    },
    {
      "epoch": 13.93,
      "learning_rate": 0.052653061224489796,
      "loss": 1.1669,
      "step": 48400
    },
    {
      "epoch": 13.96,
      "learning_rate": 0.052551020408163264,
      "loss": 1.1846,
      "step": 48500
    },
    {
      "epoch": 13.99,
      "learning_rate": 0.05244897959183673,
      "loss": 1.2602,
      "step": 48600
    },
    {
      "epoch": 14.02,
      "learning_rate": 0.0523469387755102,
      "loss": 1.1932,
      "step": 48700
    },
    {
      "epoch": 14.05,
      "learning_rate": 0.05224489795918368,
      "loss": 1.208,
      "step": 48800
    },
    {
      "epoch": 14.08,
      "learning_rate": 0.05214285714285715,
      "loss": 1.3058,
      "step": 48900
    },
    {
      "epoch": 14.1,
      "learning_rate": 0.05204081632653062,
      "loss": 1.182,
      "step": 49000
    },
    {
      "epoch": 14.1,
      "eval_loss": 1.340720772743225,
      "eval_runtime": 7.5739,
      "eval_samples_per_second": 105.625,
      "eval_steps_per_second": 52.813,
      "step": 49000
    },
    {
      "epoch": 14.13,
      "learning_rate": 0.05193877551020409,
      "loss": 1.1323,
      "step": 49100
    },
    {
      "epoch": 14.16,
      "learning_rate": 0.051836734693877555,
      "loss": 1.1626,
      "step": 49200
    },
    {
      "epoch": 14.19,
      "learning_rate": 0.05173469387755102,
      "loss": 1.2223,
      "step": 49300
    },
    {
      "epoch": 14.22,
      "learning_rate": 0.05163265306122449,
      "loss": 1.2799,
      "step": 49400
    },
    {
      "epoch": 14.25,
      "learning_rate": 0.05153061224489796,
      "loss": 1.142,
      "step": 49500
    },
    {
      "epoch": 14.28,
      "learning_rate": 0.05142857142857143,
      "loss": 1.1969,
      "step": 49600
    },
    {
      "epoch": 14.31,
      "learning_rate": 0.0513265306122449,
      "loss": 1.1154,
      "step": 49700
    },
    {
      "epoch": 14.34,
      "learning_rate": 0.05122448979591837,
      "loss": 1.1385,
      "step": 49800
    },
    {
      "epoch": 14.36,
      "learning_rate": 0.05112244897959184,
      "loss": 1.2644,
      "step": 49900
    },
    {
      "epoch": 14.39,
      "learning_rate": 0.05102040816326531,
      "loss": 1.2219,
      "step": 50000
    },
    {
      "epoch": 14.39,
      "eval_loss": 1.3734725713729858,
      "eval_runtime": 7.5413,
      "eval_samples_per_second": 106.082,
      "eval_steps_per_second": 53.041,
      "step": 50000
    },
    {
      "epoch": 14.42,
      "learning_rate": 0.050918367346938775,
      "loss": 1.2199,
      "step": 50100
    },
    {
      "epoch": 14.45,
      "learning_rate": 0.050816326530612244,
      "loss": 1.15,
      "step": 50200
    },
    {
      "epoch": 14.48,
      "learning_rate": 0.05071428571428571,
      "loss": 1.1888,
      "step": 50300
    },
    {
      "epoch": 14.51,
      "learning_rate": 0.05061224489795918,
      "loss": 1.1954,
      "step": 50400
    },
    {
      "epoch": 14.54,
      "learning_rate": 0.05051020408163265,
      "loss": 1.2615,
      "step": 50500
    },
    {
      "epoch": 14.57,
      "learning_rate": 0.05040816326530613,
      "loss": 1.1174,
      "step": 50600
    },
    {
      "epoch": 14.59,
      "learning_rate": 0.0503061224489796,
      "loss": 1.2712,
      "step": 50700
    },
    {
      "epoch": 14.62,
      "learning_rate": 0.050204081632653066,
      "loss": 1.2608,
      "step": 50800
    },
    {
      "epoch": 14.65,
      "learning_rate": 0.050102040816326535,
      "loss": 1.2525,
      "step": 50900
    },
    {
      "epoch": 14.68,
      "learning_rate": 0.05,
      "loss": 1.1808,
      "step": 51000
    },
    {
      "epoch": 14.68,
      "eval_loss": 1.35504150390625,
      "eval_runtime": 7.5302,
      "eval_samples_per_second": 106.239,
      "eval_steps_per_second": 53.119,
      "step": 51000
    },
    {
      "epoch": 14.71,
      "learning_rate": 0.04989795918367347,
      "loss": 1.2203,
      "step": 51100
    },
    {
      "epoch": 14.74,
      "learning_rate": 0.04979591836734694,
      "loss": 1.2601,
      "step": 51200
    },
    {
      "epoch": 14.77,
      "learning_rate": 0.049693877551020414,
      "loss": 1.1699,
      "step": 51300
    },
    {
      "epoch": 14.8,
      "learning_rate": 0.04959183673469388,
      "loss": 1.1433,
      "step": 51400
    },
    {
      "epoch": 14.82,
      "learning_rate": 0.04948979591836735,
      "loss": 1.2658,
      "step": 51500
    },
    {
      "epoch": 14.85,
      "learning_rate": 0.04938775510204082,
      "loss": 1.2239,
      "step": 51600
    },
    {
      "epoch": 14.88,
      "learning_rate": 0.049285714285714294,
      "loss": 1.1685,
      "step": 51700
    },
    {
      "epoch": 14.91,
      "learning_rate": 0.04918367346938776,
      "loss": 1.2139,
      "step": 51800
    },
    {
      "epoch": 14.94,
      "learning_rate": 0.04908163265306123,
      "loss": 1.16,
      "step": 51900
    },
    {
      "epoch": 14.97,
      "learning_rate": 0.0489795918367347,
      "loss": 1.3029,
      "step": 52000
    },
    {
      "epoch": 14.97,
      "eval_loss": 1.29655122756958,
      "eval_runtime": 7.5913,
      "eval_samples_per_second": 105.384,
      "eval_steps_per_second": 52.692,
      "step": 52000
    }
  ],
  "max_steps": 100000,
  "num_train_epochs": 29,
  "total_flos": 6.951948845665075e+16,
  "trial_name": null,
  "trial_params": null
}
